{"stats":{"minecraft:picked_up":{"minecraft:lilac":1,"minecraft:birch_sapling":1,"minecraft:dirt":3},"minecraft:used":{"minecraft:lilac":1,"minecraft:dirt":4,"minecraft:grass_block":5,"minecraft:birch_sapling":1},"minecraft:custom":{"minecraft:time_since_rest":3307,"minecraft:crouch_one_cm":306,"minecraft:play_time":3307,"minecraft:sprint_one_cm":3793,"minecraft:damage_taken":20,"minecraft:walk_one_cm":2264,"minecraft:sneak_time":148,"minecraft:mob_kills":1,"minecraft:jump":62,"minecraft:damage_dealt":58,"minecraft:leave_game":1,"minecraft:time_since_death":3307,"minecraft:total_world_time":3307,"minecraft:fall_one_cm":1109,"minecraft:fly_one_cm":167873},"minecraft:mined":{"minecraft:grass_block":3,"minecraft:lilac":1,"minecraft:birch_leaves":1},"minecraft:killed":{"minecraft:zombie":1}},"DataVersion":3955}