{
  "minecraft:recipes/misc/magenta_dye_from_lilac": {
    "criteria": {
      "has_lilac": "2024-11-25 22:40:09 +0000"
    },
    "done": true
  },
  "minecraft:recipes/decorations/crafting_table": {
    "criteria": {
      "unlock_right_away": "2024-11-25 22:39:55 +0000"
    },
    "done": true
  },
  "minecraft:adventure/root": {
    "criteria": {
      "killed_something": "2024-11-25 22:41:38 +0000"
    },
    "done": true
  },
  "minecraft:adventure/kill_all_mobs": {
    "criteria": {
      "minecraft:zombie": "2024-11-25 22:41:38 +0000"
    },
    "done": false
  },
  "minecraft:adventure/kill_a_mob": {
    "criteria": {
      "minecraft:zombie": "2024-11-25 22:41:38 +0000"
    },
    "done": true
  },
  "minecraft:adventure/adventuring_time": {
    "criteria": {
      "minecraft:cold_ocean": "2024-11-25 22:40:43 +0000",
      "minecraft:beach": "2024-11-25 22:40:54 +0000",
      "minecraft:forest": "2024-11-25 22:40:52 +0000",
      "minecraft:river": "2024-11-25 22:41:04 +0000",
      "minecraft:birch_forest": "2024-11-25 22:39:56 +0000",
      "minecraft:old_growth_spruce_taiga": "2024-11-25 22:40:42 +0000",
      "minecraft:plains": "2024-11-25 22:40:53 +0000"
    },
    "done": false
  },
  "DataVersion": 3955
}